[{
	"picurl":"https://mp-0cb878b7-99ec-44ea-8246-12b123304b05.cdn.bspapp.com/xxmBizhi/20231222/1703236149632_0_small.webp",
	"description":"宣璐一位有颜值有气质的美女。图源：微博@宣璐",
	"classname":"明星美女"
},{
	"picurl":"https://mp-0cb878b7-99ec-44ea-8246-12b123304b05.cdn.bspapp.com/xxmBizhi/20231220/1703055763140_1_small.webp",
	"description":"清新纯欲颜值出众的美女章若楠。图源：微博@章若楠@每阅壁纸",
	"classname":"明星美女"
},{
	"picurl":"https://mp-0cb878b7-99ec-44ea-8246-12b123304b05.cdn.bspapp.com/xxmBizhi/20240226/1708930718119_6_small.webp",
	"description":"唯美属实的自然风景近景拍摄，一只蝴蝶落枝头。图源：微博@每阅壁纸",
	"classname":"可爱萌宠"
}]