{
	"bsonType": "object",
	"required": [
		
	],
	"permission": {
		"read": "doc.status == true",  //auth.uid!=null 必须登录 ,auth.uid == doc.user_id
		"create": "auth.uid != null", //uni-admin
		"update": true,
		"delete": true
	},
	"properties": {
		"_id": {
			"description": "存储文档 ID（用户 ID），系统自动生成"
		},
		"user_id": {
			"bsonType": "string",
			"description": "文章作者ID， 参考`uni-id-users` 表",
			"foreignKey": "uni-id-users._id",
			"defaultValue": {
				"$env": "uid"
			}
		},		
		"title": {
			"bsonType": "string",
			"title": "标题",
			"description": "标题",
			"label": "标题",
			"trim": "both"
		},
		"content": {
			"bsonType": "string",
			"title": "文章内容",
			"description": "文章内容",
			"label": "文章内容",
			"trim": "right"
		},
		"createTime":{
			"bsonType": "timestamp",
			"description": "发布时间",
			"defaultValue":{
				"$env": "now"
			}
		}
	},
	"version": "0.0.1"
}