{
	"bsonType": "object",
	"required": [
		
	],
	"permission": {
		"read": true,
		"create": "auth.uid != null",
		"update": "doc.user_id == auth.uid",
		"delete": "doc.user_id == auth.uid"
	},
	"properties": {
		"_id": {
			"description": "存储文档 ID（用户 ID），系统自动生成"
		},
		"user_id": {
			"bsonType": "string",
			"description": "作者ID， 参考`uni-id-users` 表",
			"foreignKey": "uni-id-users._id",
			"defaultValue": {
				"$env": "uid"
			}
		},
		"pics":{
			"bsonType": "array",
			"description": "图片组",
			"defaultValue":[]
		},
		"content": {
			"bsonType": "string",			
			"description": "内容",			
			"trim": "right"
		},
		"publish_date": {
			"bsonType": "timestamp",
			"title": "发表时间",
			"description": "发表时间",
			"defaultValue": {
				"$env": "now"
			}
		},
		"publish_ip": {
			"bsonType": "string",
			"title": "发布文章时IP地址",
			"description": "发表时 IP 地址",
			"forceDefaultValue": {
				"$env": "clientIP"
			}
		}		
	},
	"version": "0.0.1"
}